Index,Customer Id,First Name,Last Name,Company,City,Country,Phone 1,Phone 2,Email,Subscription Date,Website
101,9bF3a2D1e5A8c7B,Olivia,Reyes,Armstrong-Hayden,North Emery,Marshall Islands,001-541-867-5309x101,+(305)555-0134,olivia.reyes@armstrong.com,2022-07-19,http://www.armstrong-hayden.com/
102,7E2cB4f1D9a6F3b,Ethan,Marshall,Whitaker and Sons,West Corbin,Barbados,+(1)-214-555-0123x492,001-808-555-0199,ethan.marshall@whitaker.net,2021-11-02,https://whitaker-sons.org/
103,3aD7f9B2C8e1A4d,Mia,Ortiz,Lawrence LLC,South Lila,Montenegro,415.555.0177,001-667-555-0100x77,mia.ortiz@lawrence.biz,2020-03-30,http://lawrence-llc.com/
104,5cF1e8A9b3D6c2E,Lucas,Foster,"Reid, Malone and Boyd",Lake Kendra,Ivory Coast,001-773-555-0148x220,202-555-0198,lucas.foster@reidmalone.com,2022-12-05,https://reid-malone.info/
105,8bA4d6C3e2F9b1A,Amelia,Griffin,Woods PLC,New Mariela,Bolivia,304-555-0132,(561)555-0111x500,amelia.griffin@woodsplc.org,2021-05-21,http://woods-plc.com/
106,2F9b7C1a4D6e3B,Noah,Payne,Barker-Hart,East Simon,Suriname,001-213-555-0182x90,+(44)20-5550-121,noah.payne@barkerhart.net,2020-09-14,https://barker-hart.biz/
107,1A3c5E7f9B2d6C,Isabella,Spencer,Valdez Group,North Dylan,French Guiana,667-555-0129,001-999-555-0167,isabella.spencer@valdezgroup.com,2022-02-28,http://valdezgroup.com/
108,4D6e2B8f1C9a3E,Jack,Bennett,"Hancock, Owens and Shaw",Port Morgan,Guinea-Bissau,901.555.0155x314,011-44-7700-5555,jack.bennett@hancockowens.com,2021-08-09,https://hancock-owens.org/
109,6cB8a1F3e5D2C7G,Sophia,Hansen,Schmidt Inc,South Lillian,Bermuda,+1-442-555-0164,021-555-0136,sophia.hansen@schmidt-inc.net,2020-06-03,http://schmidt-inc.com/
110,9D2f6A4b1C8e5F,Liam,Reid,Patel and Sons,Castleview,Maldives,312-555-0102x64,001-402-555-0172,liam.reid@patelsons.org,2022-04-11,https://patel-sons.biz/
111,0bF6a9C3d1E8g2,Harper,Kim,Garcia-Hill,East Noah,Solomon Islands,078-555-0145x9,+(646)555-0100,harper.kim@garcia-hill.com,2021-01-27,http://garcia-hill.com/
112,3C7e2A9b5D4f1G,Alexander,Nelson,Ellis LLC,West Royce,Vanuatu,001-555-0191,777-555-0123x88,alex.nelson@ellisllc.net,2020-10-16,https://ellis-llc.info/
113,5A1d9F3c7E6b2H,Evelyn,Cruz,Dean and Co,New Lila,Panama,420.555.0187x210,001-888-555-0144,evelyn.cruz@deanco.com,2021-06-07,http://dean-co.com/
114,7F4c2B8a1D6e3I,Benjamin,Wood,Montgomery Ltd,North Avery,Madagascar,+(33)1-5550-0199,001-123-555-0155x3,ben.wood@montgomeryltd.org,2022-09-30,https://montgomery-ltd.net/
115,2E9a6B1f4C3d7J,Abigail,Price,Jenkins-Boyer,South Harper,Liberia,509-555-0130,001-455-555-0188x412,abigail.price@jenkinsboyer.com,2021-03-12,http://jenkins-boyer.com/
116,8G1b3C5d7E2f9K,William,Long,Nguyen Inc,Port Kelvin,Guinea,001-672-555-0176x22,888-555-0110,will.long@nguyeninc.net,2020-12-01,https://nguyen-inc.org/
117,4H2c6A8e1F3d5L,Emily,Cook,Walsh and Partners,East Rowan,Kiribati,231-555-0160x77,+(61)-2-5550-0197,emily.cook@walshpartners.com,2022-08-08,http://walsh-partners.com/
118,6J3d1B9f4E7c2M,James,Rivera,Khan LLC,West Iris,Grenada,001-341-555-0105x404,999-555-0139,james.rivera@khanllc.biz,2021-02-18,https://khan-llc.info/
119,1K5e7C3a9F2d6N,Charlotte,Cooper,Faulkner Group,South Myra,Cuba,044-555-0182,001-706-555-0177,charlotte.cooper@faulknergroup.com,2020-05-24,http://faulkner-group.net/
120,9L4f2D6b1E3c8O,Henry,Mendoza,Phelps-Hart,New Dillon,Tajikistan,702.555.0152x11,001-232-555-0194,henry.mendoza@phelps-hart.org,2021-09-05,https://phelps-hart.com/
121,3M6a1E9c4B2d7P,Zoey,West,Casey Ltd,North Ada,Vietnam,001-555-0122,666-555-0166x600,zoey.west@caseyltd.net,2022-11-20,http://casey-ltd.biz/
122,5N2b8F4d1C6e3Q,Owen,Jordan,Parker,East Lila,Tokelau,415-555-0193x3,001-504-555-0147,owen.jordan@parker.com,2020-07-29,https://parker-inc.org/
123,7O1c3G5e9D2f4R,Avery,Hunter,Marshall Associates,Port Sierra,Bhutan,021-555-0127,001-819-555-0189,avery.hunter@marshallassoc.com,2021-04-04,http://marshall-associates.com/
124,2P9d6H1f4E3c5S,Jack,Diaz,Bryant and Sons,West Lillian,Comoros,908-555-0108x99,+(353)1-5550-011,jack.diaz@bryant-sons.net,2022-01-17,https://bryant-sons.org/
125,8Q4e2I6g1C7d3T,Scarlett,Ruiz,Delgado PLC,South Eden,Malawi,001-720-555-0171x7,303-555-0188,scarlett.ruiz@delgadoplc.com,2020-11-11,http://delgado-plc.com/
126,1R7f3J5h4D2c6U,Michael,Kim,Romero LLC,New Kelsey,Lebanon,617.555.0149,001-982-555-0132x18,michael.kim@romerollc.org,2021-10-30,https://romero-llc.biz/
127,4S6g1K3i9E2d7V,Luna,Brooks,Conner Inc,North Hazel,Greenland,020-555-0106x2,001-701-555-0190,luna.brooks@connerinc.com,2022-06-06,http://conner-inc.info/
128,6T2h8L4j1F3e5W,Daniel,Stone,Ferguson and Co,East Mira,Mozambique,404-555-0169,001-654-555-0175x303,daniel.stone@fergusonco.net,2020-02-22,https://ferguson-co.com/
129,9U1i4M7k3G2d6X,Ella,May,Stanford Ltd,South Kaden,Bahamas,781-555-0119x5,+1-212-555-0140,ella.may@stanfordltd.org,2021-07-13,http://stanford-ltd.com/
130,2V5j9N1l4H3c7Y,Wyatt,Garcia,Perez Group,Port Landon,Albania,001-870-555-0185,555-0199x77,wyatt.garcia@perezgroup.com,2022-03-03,https://perez-group.net/
131,5W8k2O4m1I6d3Z,Sadie,Marshall,Newton-Hart,New Rosalie,Nauru,999-555-0121,001-443-555-0158,sadie.marshall@newtonhart.org,2020-08-26,http://newton-hart.com/
132,7X3l6P1n4J9e2A,Isaac,Osborne,Gregory LLC,East Jada,Niger,212-555-0178x21,001-312-555-0104,isaac.osborne@gregoryllc.com,2021-12-14,https://gregory-llc.biz/
133,1Y9m4Q2o6K3d5B,Paisley,Kimball,Hartman and Sons,South Rowan,Sierra Leone,011-44-7770-5555,001-214-555-0196,paisley.kimball@hartman-sons.net,2020-01-05,http://hartman-sons.com/
134,3Z6n1R5p8L2c7C,Levi,Gordon,Lopez Group,North June,Guatemala,305-555-0137x12,001-991-555-0183,levi.gordon@lopezgroup.org,2022-10-02,https://lopez-group.com/
135,6A2o7S4q1M3d9D,Nora,Freeman,Diaz Inc,New Rylan,Estonia,401-555-0161,001-258-555-0113x404,nora.freeman@diazinc.net,2021-03-03,http://diaz-inc.info/
136,9B4p1T6r3N2c8E,Julian,Armstrong,Weaver Ltd,Port Alana,Greenland,001-573-555-0154x88,777-555-0145,julian.armstrong@weaverltd.com,2020-05-16,https://weaver-ltd.com/
137,2C6q9U1s4O3d7F,Molly,Valdez,Holmes and Co,East Britta,Falkland Islands,942-555-0103,001-420-555-0192,molly.valdez@holmesco.org,2021-09-27,http://holmes-co.net/
138,5D1r8V4t6P3c2G,Ezra,Stone,George PLC,South Kori,Belize,630.555.0180x2,001-510-555-0178,ezra.stone@georgeplc.com,2022-02-06,https://george-plc.biz/
139,7E3s2W9u1Q6d4H,Claire,Ramos,Little Group,New Emery,Ecuador,011-56-5550-019,303-555-0151x66,claire.ramos@littlegroup.org,2020-10-28,http://little-group.com/
140,1F9t6X3v4R2c8I,Colton,Paul,Bradford LLC,North Lesley,Antigua and Barbuda,001-860-555-0163x7,555-0194,colton.paul@bradfordllc.net,2021-06-19,https://bradford-llc.com/
141,4G2u7Y1w5S3d9J,Lila,Herrera,Walters and Sons,East Rocco,Palau,800-555-0142,001-692-555-0120x909,lila.herrera@walters-sons.org,2022-01-08,http://walters-sons.net/
142,6H5v1Z3x2T9c4K,Declan,Schultz,Burns Inc,Port Kellan,Solomon Islands,202-555-0186x55,001-334-555-0102,declan.schultz@burnsinc.com,2020-07-02,https://burns-inc.info/
143,9I3w6A2y4U1d7L,Maya,Booth,Shepard LLC,South Inez,Namibia,901.555.0190,001-217-555-0146x300,maya.booth@shepardllc.org,2021-11-23,http://shepard-llc.com/
144,2J7x1B5z3V6c9M,Asher,Hayes,Quinn and Partners,New Lorne,Togo,001-680-555-0120,888-555-0115x27,asher.hayes@quinnpartners.net,2022-05-04,https://quinn-partners.org/
145,5K2y8C4a1W3d6N,Penelope,Chambers,Stevenson Ltd,North Jolie,Suriname,415-555-0116,001-702-555-0170x999,penelope.chambers@stevensonltd.com,2020-04-18,http://stevenson-ltd.com/
146,7L1z3D6b2X4c9O,Micah,Bolton,Hendrix LLC,East Rylan,Ghana,551-555-0194x4,001-612-555-0133,micah.bolton@hendrixllc.org,2021-08-01,https://hendrix-llc.net/
147,1M4a6E9c3Y2d7P,Ellie,Mcintosh,Meyer Group,South Jude,Cook Islands,301-555-0173,001-888-555-0150x42,ellie.mcintosh@meyergroup.com,2022-03-27,http://meyer-group.info/
148,3N9b2F5d7Z1c4Q,Grayson,Park,Ramos-Hernandez,Port Lacey,Saint Lucia,999-555-0168x18,001-833-555-0122,grayson.park@ramoshernandez.org,2020-09-09,https://ramos-hernandez.com/
149,6O1c8G4e2A3d5R,Lola,Wallace,Bryce Ltd,New Tessa,Brazil,011-55-5550-019,404-555-0131x77,lola.wallace@bryceltd.com,2021-02-02,http://bryce-ltd.biz/
150,8P5d1H7f3B2c6S,Miles,Richards,Quintero LLC,North Isla,Montserrat,001-909-555-0180,021-555-0177x600,miles.richards@quinterollc.net,2022-12-29,https://quintero-llc.org/